igdb_id,genres,platforms,rating
1020,Shooter,PC (Microsoft Windows),89
1020,Shooter,PlayStation 3,89
1020,Shooter,Xbox 360,89
1020,Shooter,PlayStation 4,89
1020,Shooter,Xbox One,89
1020,Adventure,PC (Microsoft Windows),89
1020,Adventure,PlayStation 3,89
1020,Adventure,Xbox 360,89
1020,Adventure,PlayStation 4,89
1020,Adventure,Xbox One,89
126459,Shooter,PC (Microsoft Windows),76
126459,Tactical,PC (Microsoft Windows),76
115,Role-playing (RPG),PC (Microsoft Windows),80
115,Role-playing (RPG),Mac,80
115,Strategy,PC (Microsoft Windows),80
115,Strategy,Mac,80
115,MOBA,PC (Microsoft Windows),80
115,MOBA,Mac,80
121,Simulator,Linux,84
121,Simulator,PC (Microsoft Windows),84
121,Simulator,Mac,84
121,Adventure,Linux,84
121,Adventure,PC (Microsoft Windows),84
121,Adventure,Mac,84
114795,Shooter,PC (Microsoft Windows),83
114795,Shooter,PlayStation 4,83
114795,Shooter,Xbox One,83
114795,Shooter,Nintendo Switch,83
114795,Shooter,PlayStation 5,83
114795,Shooter,Xbox Series X|S,83
132181,Shooter,PC (Microsoft Windows),93
132181,Shooter,PlayStation 4,93
132181,Shooter,PlayStation 5,93
132181,Shooter,Xbox Series X|S,93
132181,Puzzle,PC (Microsoft Windows),93
132181,Puzzle,PlayStation 4,93
132181,Puzzle,PlayStation 5,93
132181,Puzzle,Xbox Series X|S,93
132181,Adventure,PC (Microsoft Windows),93
132181,Adventure,PlayStation 4,93
132181,Adventure,PlayStation 5,93
132181,Adventure,Xbox Series X|S,93
1905,Shooter,PC (Microsoft Windows),76
1905,Shooter,Mac,76
1905,Shooter,Android,76
1905,Shooter,iOS,76
1905,Shooter,PlayStation 4,76
1905,Shooter,Xbox One,76
1905,Shooter,Nintendo Switch,76
1905,Shooter,PlayStation 5,76
1905,Shooter,Xbox Series X|S,76
1905,Role-playing (RPG),PC (Microsoft Windows),76
1905,Role-playing (RPG),Mac,76
1905,Role-playing (RPG),Android,76
1905,Role-playing (RPG),iOS,76
1905,Role-playing (RPG),PlayStation 4,76
1905,Role-playing (RPG),Xbox One,76
1905,Role-playing (RPG),Nintendo Switch,76
1905,Role-playing (RPG),PlayStation 5,76
1905,Role-playing (RPG),Xbox Series X|S,76
1905,Strategy,PC (Microsoft Windows),76
1905,Strategy,Mac,76
1905,Strategy,Android,76
1905,Strategy,iOS,76
1905,Strategy,PlayStation 4,76
1905,Strategy,Xbox One,76
1905,Strategy,Nintendo Switch,76
1905,Strategy,PlayStation 5,76
1905,Strategy,Xbox Series X|S,76
1905,Adventure,PC (Microsoft Windows),76
1905,Adventure,Mac,76
1905,Adventure,Android,76
1905,Adventure,iOS,76
1905,Adventure,PlayStation 4,76
1905,Adventure,Xbox One,76
1905,Adventure,Nintendo Switch,76
1905,Adventure,PlayStation 5,76
1905,Adventure,Xbox Series X|S,76
1372,Shooter,Linux,82
1372,Shooter,PC (Microsoft Windows),82
1372,Shooter,PlayStation 3,82
1372,Shooter,Xbox 360,82
1372,Shooter,Mac,82
1372,Tactical,Linux,82
1372,Tactical,PC (Microsoft Windows),82
1372,Tactical,PlayStation 3,82
1372,Tactical,Xbox 360,82
1372,Tactical,Mac,82
2963,Strategy,Linux,85
2963,Strategy,PC (Microsoft Windows),85
2963,Strategy,Mac,85
2963,MOBA,Linux,85
2963,MOBA,PC (Microsoft Windows),85
2963,MOBA,Mac,85
7360,Shooter,PC (Microsoft Windows),77
7360,Shooter,PlayStation 4,77
7360,Shooter,Xbox One,77
7360,Shooter,PlayStation 5,77
7360,Shooter,Xbox Series X|S,77
7360,Shooter,Google Stadia,77
7360,Tactical,PC (Microsoft Windows),77
7360,Tactical,PlayStation 4,77
7360,Tactical,Xbox One,77
7360,Tactical,PlayStation 5,77
7360,Tactical,Xbox Series X|S,77
7360,Tactical,Google Stadia,77
17269,Platform,PC (Microsoft Windows),71
17269,Platform,Mac,71
17269,Platform,Android,71
17269,Platform,iOS,71
17269,Platform,Xbox One,71
17269,Simulator,PC (Microsoft Windows),71
17269,Simulator,Mac,71
17269,Simulator,Android,71
17269,Simulator,iOS,71
17269,Simulator,Xbox One,71
17269,Adventure,PC (Microsoft Windows),71
17269,Adventure,Mac,71
17269,Adventure,Android,71
17269,Adventure,iOS,71
17269,Adventure,Xbox One,71
123,Role-playing (RPG),PC (Microsoft Windows),86
123,Role-playing (RPG),Mac,86
123,Adventure,PC (Microsoft Windows),86
123,Adventure,Mac,86
205780,Simulator,PC (Microsoft Windows),70
205780,Simulator,PlayStation 5,70
205780,Simulator,Xbox Series X|S,70
205780,Simulator,Google Stadia,70
205780,Sport,PC (Microsoft Windows),70
205780,Sport,PlayStation 5,70
205780,Sport,Xbox Series X|S,70
205780,Sport,Google Stadia,70
19320,Point-and-click,PC (Microsoft Windows),73
19320,Point-and-click,PlayStation 4,73
19320,Point-and-click,Xbox One,73
19320,Point-and-click,Nintendo Switch,73
19320,Point-and-click,PlayStation 5,73
19320,Point-and-click,Xbox Series X|S,73
19320,Simulator,PC (Microsoft Windows),73
19320,Simulator,PlayStation 4,73
19320,Simulator,Xbox One,73
19320,Simulator,Nintendo Switch,73
19320,Simulator,PlayStation 5,73
19320,Simulator,Xbox Series X|S,73
19320,Strategy,PC (Microsoft Windows),73
19320,Strategy,PlayStation 4,73
19320,Strategy,Xbox One,73
19320,Strategy,Nintendo Switch,73
19320,Strategy,PlayStation 5,73
19320,Strategy,Xbox Series X|S,73
19320,Adventure,PC (Microsoft Windows),73
19320,Adventure,PlayStation 4,73
19320,Adventure,Xbox One,73
19320,Adventure,Nintendo Switch,73
19320,Adventure,PlayStation 5,73
19320,Adventure,Xbox Series X|S,73
19320,Indie,PC (Microsoft Windows),73
19320,Indie,PlayStation 4,73
19320,Indie,Xbox One,73
19320,Indie,Nintendo Switch,73
19320,Indie,PlayStation 5,73
19320,Indie,Xbox Series X|S,73
200165,Shooter,PC (Microsoft Windows),78
200165,Shooter,PlayStation 4,78
200165,Shooter,Xbox One,78
200165,Shooter,PlayStation 5,78
200165,Shooter,Xbox Series X|S,78
15536,Shooter,PC (Microsoft Windows),38
15536,Role-playing (RPG),PC (Microsoft Windows),38
15536,Simulator,PC (Microsoft Windows),38
15536,Tactical,PC (Microsoft Windows),38
131800,Shooter,PC (Microsoft Windows),79
131800,Shooter,PlayStation 4,79
131800,Shooter,Xbox One,79
45517,,Sega Saturn,0
212710,Shooter,PC (Microsoft Windows),90
212710,Shooter,PlayStation 4,90
212710,Shooter,Xbox One,90
212710,Shooter,PlayStation 5,90
212710,Shooter,Xbox Series X|S,90
212710,Strategy,PC (Microsoft Windows),90
212710,Strategy,PlayStation 4,90
212710,Strategy,Xbox One,90
212710,Strategy,PlayStation 5,90
212710,Strategy,Xbox Series X|S,90
212710,Tactical,PC (Microsoft Windows),90
212710,Tactical,PlayStation 4,90
212710,Tactical,Xbox One,90
212710,Tactical,PlayStation 5,90
212710,Tactical,Xbox Series X|S,90
11198,Racing,Linux,86
11198,Racing,PC (Microsoft Windows),86
11198,Racing,Mac,86
11198,Racing,PlayStation 4,86
11198,Racing,Xbox One,86
11198,Racing,Nintendo Switch,86
11198,Racing,PlayStation 5,86
11198,Racing,Xbox Series X|S,86
11198,Sport,Linux,86
11198,Sport,PC (Microsoft Windows),86
11198,Sport,Mac,86
11198,Sport,PlayStation 4,86
11198,Sport,Xbox One,86
11198,Sport,Nintendo Switch,86
11198,Sport,PlayStation 5,86
11198,Sport,Xbox Series X|S,86
11198,Indie,Linux,86
11198,Indie,PC (Microsoft Windows),86
11198,Indie,Mac,86
11198,Indie,PlayStation 4,86
11198,Indie,Xbox One,86
11198,Indie,Nintendo Switch,86
11198,Indie,PlayStation 5,86
11198,Indie,Xbox Series X|S,86
18866,Strategy,PC (Microsoft Windows),70
18866,Strategy,PlayStation 4,70
18866,Strategy,Xbox One,70
18866,Strategy,Nintendo Switch,70
18866,Strategy,PlayStation 5,70
18866,Strategy,Xbox Series X|S,70
18866,Strategy,Google Stadia,70
18866,Indie,PC (Microsoft Windows),70
18866,Indie,PlayStation 4,70
18866,Indie,Xbox One,70
18866,Indie,Nintendo Switch,70
18866,Indie,PlayStation 5,70
18866,Indie,Xbox Series X|S,70
18866,Indie,Google Stadia,70
133379,Fighting,PC (Microsoft Windows),0
133379,Shooter,PC (Microsoft Windows),0
133379,Racing,PC (Microsoft Windows),0
133379,Adventure,PC (Microsoft Windows),0
133379,Indie,PC (Microsoft Windows),0
125174,Shooter,PC (Microsoft Windows),79
125174,Shooter,PlayStation 4,79
125174,Shooter,Xbox One,79
125174,Shooter,Nintendo Switch,79
125174,Shooter,PlayStation 5,79
125174,Shooter,Xbox Series X|S,79
152354,Card & Board Game,Nintendo Switch,80
120176,Strategy,PC (Microsoft Windows),81
120176,Strategy,Mac,81
120176,Strategy,Android,81
120176,Strategy,iOS,81
120176,Turn-based strategy (TBS),PC (Microsoft Windows),81
120176,Turn-based strategy (TBS),Mac,81
120176,Turn-based strategy (TBS),Android,81
120176,Turn-based strategy (TBS),iOS,81
120176,Tactical,PC (Microsoft Windows),81
120176,Tactical,Mac,81
120176,Tactical,Android,81
120176,Tactical,iOS,81
120176,Card & Board Game,PC (Microsoft Windows),81
120176,Card & Board Game,Mac,81
120176,Card & Board Game,Android,81
120176,Card & Board Game,iOS,81
119313,Platform,PC (Microsoft Windows),76
119313,Platform,PlayStation 4,76
119313,Platform,Xbox One,76
119313,Platform,Nintendo Switch,76
119313,Platform,PlayStation 5,76
119313,Platform,Xbox Series X|S,76
119313,Sport,PC (Microsoft Windows),76
119313,Sport,PlayStation 4,76
119313,Sport,Xbox One,76
119313,Sport,Nintendo Switch,76
119313,Sport,PlayStation 5,76
119313,Sport,Xbox Series X|S,76
119313,Indie,PC (Microsoft Windows),76
119313,Indie,PlayStation 4,76
119313,Indie,Xbox One,76
119313,Indie,Nintendo Switch,76
119313,Indie,PlayStation 5,76
119313,Indie,Xbox Series X|S,76
1074,Platform,Nintendo 64,90
1074,Platform,Wii,90
1074,Platform,Wii U,90
1074,Adventure,Nintendo 64,90
1074,Adventure,Wii,90
1074,Adventure,Wii U,90
1279,Strategy,PC (Microsoft Windows),84
1279,Strategy,Mac,84
1279,Strategy,Android,84
1279,Strategy,iOS,84
1279,Turn-based strategy (TBS),PC (Microsoft Windows),84
1279,Turn-based strategy (TBS),Mac,84
1279,Turn-based strategy (TBS),Android,84
1279,Turn-based strategy (TBS),iOS,84
1279,Card & Board Game,PC (Microsoft Windows),84
1279,Card & Board Game,Mac,84
1279,Card & Board Game,Android,84
1279,Card & Board Game,iOS,84
136560,Fighting,PlayStation 4,75
136560,Fighting,Xbox One,75
136560,Sport,PlayStation 4,75
136560,Sport,Xbox One,75
8258,Fighting,PC (Microsoft Windows),72
8258,Fighting,PlayStation 4,72
8258,Arcade,PC (Microsoft Windows),72
8258,Arcade,PlayStation 4,72
24654,Role-playing (RPG),PC (Microsoft Windows),70
24654,Adventure,PC (Microsoft Windows),70
19698,Role-playing (RPG),Linux,74
19698,Role-playing (RPG),PC (Microsoft Windows),74
19698,Role-playing (RPG),Mac,74
26128,Role-playing (RPG),PC (Microsoft Windows),77
26128,Hack and slash/Beat 'em up,PC (Microsoft Windows),77
26128,Adventure,PC (Microsoft Windows),77
241332,Puzzle,PC (Microsoft Windows),0
241332,Simulator,PC (Microsoft Windows),0
241332,Adventure,PC (Microsoft Windows),0
241332,Indie,PC (Microsoft Windows),0
1911,Role-playing (RPG),PC (Microsoft Windows),80
1911,Role-playing (RPG),Mac,80
1911,Role-playing (RPG),PlayStation 4,80
1911,Role-playing (RPG),Xbox One,80
1911,Hack and slash/Beat 'em up,PC (Microsoft Windows),80
1911,Hack and slash/Beat 'em up,Mac,80
1911,Hack and slash/Beat 'em up,PlayStation 4,80
1911,Hack and slash/Beat 'em up,Xbox One,80
1911,Adventure,PC (Microsoft Windows),80
1911,Adventure,Mac,80
1911,Adventure,PlayStation 4,80
1911,Adventure,Xbox One,80
220888,,,0
243141,Simulator,PC (Microsoft Windows),0
7609,Adventure,PlayStation 4,80
3189,Role-playing (RPG),Linux,84
3189,Role-playing (RPG),PC (Microsoft Windows),84
3189,Role-playing (RPG),Mac,84
3189,Simulator,Linux,84
3189,Simulator,PC (Microsoft Windows),84
3189,Simulator,Mac,84
3189,Indie,Linux,84
3189,Indie,PC (Microsoft Windows),84
3189,Indie,Mac,84
242408,Shooter,PC (Microsoft Windows),0
242408,Tactical,PC (Microsoft Windows),0
240683,Indie,PC (Microsoft Windows),0
178351,Fighting,Linux,54
178351,Fighting,PC (Microsoft Windows),54
178351,Fighting,Mac,54
178351,Racing,Linux,54
178351,Racing,PC (Microsoft Windows),54
178351,Racing,Mac,54
178351,Strategy,Linux,54
178351,Strategy,PC (Microsoft Windows),54
178351,Strategy,Mac,54
178351,Indie,Linux,54
178351,Indie,PC (Microsoft Windows),54
178351,Indie,Mac,54
178351,Arcade,Linux,54
178351,Arcade,PC (Microsoft Windows),54
178351,Arcade,Mac,54
111469,Strategy,PC (Microsoft Windows),78
111469,Strategy,Android,78
111469,Strategy,iOS,78
111469,Strategy,PlayStation 4,78
111469,Strategy,Xbox One,78
111469,Strategy,Nintendo Switch,78
111469,Strategy,PlayStation 5,78
111469,Strategy,Xbox Series X|S,78
111469,Indie,PC (Microsoft Windows),78
111469,Indie,Android,78
111469,Indie,iOS,78
111469,Indie,PlayStation 4,78
111469,Indie,Xbox One,78
111469,Indie,Nintendo Switch,78
111469,Indie,PlayStation 5,78
111469,Indie,Xbox Series X|S,78
119133,Role-playing (RPG),PC (Microsoft Windows),96
119133,Role-playing (RPG),PlayStation 4,96
119133,Role-playing (RPG),Xbox One,96
119133,Role-playing (RPG),PlayStation 5,96
119133,Role-playing (RPG),Xbox Series X|S,96
119133,Adventure,PC (Microsoft Windows),96
119133,Adventure,PlayStation 4,96
119133,Adventure,Xbox One,96
119133,Adventure,PlayStation 5,96
119133,Adventure,Xbox Series X|S,96
115276,Platform,Nintendo Switch,84
184285,Quiz/Trivia,Web browser,0
20313,Simulator,PC (Microsoft Windows),60
20313,Simulator,PlayStation 3,60
20313,Simulator,Xbox 360,60
20313,Simulator,PlayStation 4,60
20313,Simulator,Xbox One,60
20313,Strategy,PC (Microsoft Windows),60
20313,Strategy,PlayStation 3,60
20313,Strategy,Xbox 360,60
20313,Strategy,PlayStation 4,60
20313,Strategy,Xbox One,60
20313,Arcade,PC (Microsoft Windows),60
20313,Arcade,PlayStation 3,60
20313,Arcade,Xbox 360,60
20313,Arcade,PlayStation 4,60
20313,Arcade,Xbox One,60
20313,Card & Board Game,PC (Microsoft Windows),60
20313,Card & Board Game,PlayStation 3,60
20313,Card & Board Game,Xbox 360,60
20313,Card & Board Game,PlayStation 4,60
20313,Card & Board Game,Xbox One,60
7346,Role-playing (RPG),Wii U,95
7346,Role-playing (RPG),Nintendo Switch,95
7346,Adventure,Wii U,95
7346,Adventure,Nintendo Switch,95
15931,Fighting,Linux,73
15931,Fighting,PC (Microsoft Windows),73
15931,Fighting,Mac,73
15931,Fighting,Android,73
15931,Fighting,Nintendo 3DS,73
15931,Fighting,iOS,73
15931,Fighting,PlayStation 4,73
15931,Fighting,Xbox One,73
15931,Fighting,Nintendo Switch,73
15931,Role-playing (RPG),Linux,73
15931,Role-playing (RPG),PC (Microsoft Windows),73
15931,Role-playing (RPG),Mac,73
15931,Role-playing (RPG),Android,73
15931,Role-playing (RPG),Nintendo 3DS,73
15931,Role-playing (RPG),iOS,73
15931,Role-playing (RPG),PlayStation 4,73
15931,Role-playing (RPG),Xbox One,73
15931,Role-playing (RPG),Nintendo Switch,73
15931,Simulator,Linux,73
15931,Simulator,PC (Microsoft Windows),73
15931,Simulator,Mac,73
15931,Simulator,Android,73
15931,Simulator,Nintendo 3DS,73
15931,Simulator,iOS,73
15931,Simulator,PlayStation 4,73
15931,Simulator,Xbox One,73
15931,Simulator,Nintendo Switch,73
15931,Sport,Linux,73
15931,Sport,PC (Microsoft Windows),73
15931,Sport,Mac,73
15931,Sport,Android,73
15931,Sport,Nintendo 3DS,73
15931,Sport,iOS,73
15931,Sport,PlayStation 4,73
15931,Sport,Xbox One,73
15931,Sport,Nintendo Switch,73
15931,Strategy,Linux,73
15931,Strategy,PC (Microsoft Windows),73
15931,Strategy,Mac,73
15931,Strategy,Android,73
15931,Strategy,Nintendo 3DS,73
15931,Strategy,iOS,73
15931,Strategy,PlayStation 4,73
15931,Strategy,Xbox One,73
15931,Strategy,Nintendo Switch,73
15931,Indie,Linux,73
15931,Indie,PC (Microsoft Windows),73
15931,Indie,Mac,73
15931,Indie,Android,73
15931,Indie,Nintendo 3DS,73
15931,Indie,iOS,73
15931,Indie,PlayStation 4,73
15931,Indie,Xbox One,73
15931,Indie,Nintendo Switch,73
240877,Racing,PC (Microsoft Windows),0
240877,Racing,PlayStation 4,0
240877,Racing,Nintendo Switch,0
240877,Racing,PlayStation 5,0
240877,Simulator,PC (Microsoft Windows),0
240877,Simulator,PlayStation 4,0
240877,Simulator,Nintendo Switch,0
240877,Simulator,PlayStation 5,0
240877,Sport,PC (Microsoft Windows),0
240877,Sport,PlayStation 4,0
240877,Sport,Nintendo Switch,0
240877,Sport,PlayStation 5,0
174521,Shooter,PC (Microsoft Windows),43
105049,Shooter,PC (Microsoft Windows),77
105049,Shooter,PlayStation 4,77
105049,Shooter,Xbox One,77
105049,Shooter,Nintendo Switch,77
105049,Shooter,PlayStation 5,77
105049,Shooter,Xbox Series X|S,77
105049,Role-playing (RPG),PC (Microsoft Windows),77
105049,Role-playing (RPG),PlayStation 4,77
105049,Role-playing (RPG),Xbox One,77
105049,Role-playing (RPG),Nintendo Switch,77
105049,Role-playing (RPG),PlayStation 5,77
105049,Role-playing (RPG),Xbox Series X|S,77
105049,Adventure,PC (Microsoft Windows),77
105049,Adventure,PlayStation 4,77
105049,Adventure,Xbox One,77
105049,Adventure,Nintendo Switch,77
105049,Adventure,PlayStation 5,77
105049,Adventure,Xbox Series X|S,77
27789,Shooter,PC (Microsoft Windows),74
27789,Shooter,PlayStation 4,74
27789,Shooter,Xbox One,74
27789,Shooter,Google Stadia,74
226217,Adventure,PC (Microsoft Windows),0
226217,Indie,PC (Microsoft Windows),0
208417,Hack and slash/Beat 'em up,PC (Microsoft Windows),0
208417,Hack and slash/Beat 'em up,PlayStation 4,0
208417,Hack and slash/Beat 'em up,Xbox One,0
208417,Hack and slash/Beat 'em up,Nintendo Switch,0
208417,Hack and slash/Beat 'em up,PlayStation 5,0
208417,Hack and slash/Beat 'em up,Xbox Series X|S,0
208417,Adventure,PC (Microsoft Windows),0
208417,Adventure,PlayStation 4,0
208417,Adventure,Xbox One,0
208417,Adventure,Nintendo Switch,0
208417,Adventure,PlayStation 5,0
208417,Adventure,Xbox Series X|S,0
11177,Fighting,Linux,69
11177,Fighting,PC (Microsoft Windows),69
11177,Fighting,Mac,69
11177,Fighting,PlayStation 4,69
11177,Fighting,Xbox One,69
11177,Fighting,Nintendo Switch,69
11177,Indie,Linux,69
11177,Indie,PC (Microsoft Windows),69
11177,Indie,Mac,69
11177,Indie,PlayStation 4,69
11177,Indie,Xbox One,69
11177,Indie,Nintendo Switch,69
3277,Shooter,Linux,74
3277,Shooter,PC (Microsoft Windows),74
3277,Shooter,Mac,74
3277,Shooter,PlayStation 4,74
3277,Shooter,Xbox One,74
3277,Role-playing (RPG),Linux,74
3277,Role-playing (RPG),PC (Microsoft Windows),74
3277,Role-playing (RPG),Mac,74
3277,Role-playing (RPG),PlayStation 4,74
3277,Role-playing (RPG),Xbox One,74
3277,Adventure,Linux,74
3277,Adventure,PC (Microsoft Windows),74
3277,Adventure,Mac,74
3277,Adventure,PlayStation 4,74
3277,Adventure,Xbox One,74
3277,Indie,Linux,74
3277,Indie,PC (Microsoft Windows),74
3277,Indie,Mac,74
3277,Indie,PlayStation 4,74
3277,Indie,Xbox One,74
231437,Adventure,PC (Microsoft Windows),0
231437,Adventure,Android,0
231437,Adventure,iOS,0
231437,Indie,PC (Microsoft Windows),0
231437,Indie,Android,0
231437,Indie,iOS,0
12517,Role-playing (RPG),Linux,91
12517,Role-playing (RPG),PC (Microsoft Windows),91
12517,Role-playing (RPG),Mac,91
12517,Role-playing (RPG),PlayStation Vita,91
12517,Role-playing (RPG),PlayStation 4,91
12517,Role-playing (RPG),Xbox One,91
12517,Role-playing (RPG),Nintendo Switch,91
12517,Turn-based strategy (TBS),Linux,91
12517,Turn-based strategy (TBS),PC (Microsoft Windows),91
12517,Turn-based strategy (TBS),Mac,91
12517,Turn-based strategy (TBS),PlayStation Vita,91
12517,Turn-based strategy (TBS),PlayStation 4,91
12517,Turn-based strategy (TBS),Xbox One,91
12517,Turn-based strategy (TBS),Nintendo Switch,91
12517,Adventure,Linux,91
12517,Adventure,PC (Microsoft Windows),91
12517,Adventure,Mac,91
12517,Adventure,PlayStation Vita,91
12517,Adventure,PlayStation 4,91
12517,Adventure,Xbox One,91
12517,Adventure,Nintendo Switch,91
12517,Indie,Linux,91
12517,Indie,PC (Microsoft Windows),91
12517,Indie,Mac,91
12517,Indie,PlayStation Vita,91
12517,Indie,PlayStation 4,91
12517,Indie,Xbox One,91
12517,Indie,Nintendo Switch,91
164867,Role-playing (RPG),PC (Microsoft Windows),85
164867,Role-playing (RPG),PlayStation 4,85
164867,Role-playing (RPG),Xbox One,85
164867,Role-playing (RPG),Nintendo Switch,85
164867,Role-playing (RPG),PlayStation 5,85
164867,Role-playing (RPG),Xbox Series X|S,85
164867,Simulator,PC (Microsoft Windows),85
164867,Simulator,PlayStation 4,85
164867,Simulator,Xbox One,85
164867,Simulator,Nintendo Switch,85
164867,Simulator,PlayStation 5,85
164867,Simulator,Xbox Series X|S,85
164867,Adventure,PC (Microsoft Windows),85
164867,Adventure,PlayStation 4,85
164867,Adventure,Xbox One,85
164867,Adventure,Nintendo Switch,85
164867,Adventure,PlayStation 5,85
164867,Adventure,Xbox Series X|S,85
1184,Shooter,PC (Microsoft Windows),75
1184,Shooter,Xbox 360,75
1184,Shooter,PlayStation 4,75
1184,Shooter,Xbox One,75
1184,Simulator,PC (Microsoft Windows),75
1184,Simulator,Xbox 360,75
1184,Simulator,PlayStation 4,75
1184,Simulator,Xbox One,75
1184,Strategy,PC (Microsoft Windows),75
1184,Strategy,Xbox 360,75
1184,Strategy,PlayStation 4,75
1184,Strategy,Xbox One,75
1184,Arcade,PC (Microsoft Windows),75
1184,Arcade,Xbox 360,75
1184,Arcade,PlayStation 4,75
1184,Arcade,Xbox One,75
11137,Simulator,PC (Microsoft Windows),68
11137,Simulator,Xbox One,68
11137,Simulator,Xbox Series X|S,68
11137,Adventure,PC (Microsoft Windows),68
11137,Adventure,Xbox One,68
11137,Adventure,Xbox Series X|S,68
2117,Shooter,PC (Microsoft Windows),57
2117,Shooter,PlayStation 4,57
2117,Shooter,Xbox One,57
2117,Role-playing (RPG),PC (Microsoft Windows),57
2117,Role-playing (RPG),PlayStation 4,57
2117,Role-playing (RPG),Xbox One,57
2117,Simulator,PC (Microsoft Windows),57
2117,Simulator,PlayStation 4,57
2117,Simulator,Xbox One,57
2117,Tactical,PC (Microsoft Windows),57
2117,Tactical,PlayStation 4,57
2117,Tactical,Xbox One,57
2117,Adventure,PC (Microsoft Windows),57
2117,Adventure,PlayStation 4,57
2117,Adventure,Xbox One,57
2117,Indie,PC (Microsoft Windows),57
2117,Indie,PlayStation 4,57
2117,Indie,Xbox One,57
159221,Simulator,PC (Microsoft Windows),0
159221,Indie,PC (Microsoft Windows),0
25714,Racing,PC (Microsoft Windows),50
25714,Simulator,PC (Microsoft Windows),50
25714,Indie,PC (Microsoft Windows),50
93902,Simulator,PC (Microsoft Windows),0
93902,Sport,PC (Microsoft Windows),0
9509,Shooter,PC (Microsoft Windows),71
9509,Shooter,PlayStation 3,71
9509,Shooter,Xbox 360,71
9509,Shooter,Mac,71
9509,Shooter,PlayStation 4,71
9509,Shooter,Xbox One,71
9509,Adventure,PC (Microsoft Windows),71
9509,Adventure,PlayStation 3,71
9509,Adventure,Xbox 360,71
9509,Adventure,Mac,71
9509,Adventure,PlayStation 4,71
9509,Adventure,Xbox One,71
194494,Quiz/Trivia,PlayStation 4,0
194494,Quiz/Trivia,Xbox One,0
194494,Quiz/Trivia,Nintendo Switch,0
194494,Quiz/Trivia,Google Stadia,0
194494,Card & Board Game,PlayStation 4,0
194494,Card & Board Game,Xbox One,0
194494,Card & Board Game,Nintendo Switch,0
194494,Card & Board Game,Google Stadia,0
178126,Shooter,PC (Microsoft Windows),40
178126,Shooter,PlayStation 4,40
178126,Shooter,Xbox One,40
178126,Shooter,Nintendo Switch,40
178126,Shooter,PlayStation 5,40
178126,Shooter,Xbox Series X|S,40
178126,Racing,PC (Microsoft Windows),40
178126,Racing,PlayStation 4,40
178126,Racing,Xbox One,40
178126,Racing,Nintendo Switch,40
178126,Racing,PlayStation 5,40
178126,Racing,Xbox Series X|S,40
178126,Adventure,PC (Microsoft Windows),40
178126,Adventure,PlayStation 4,40
178126,Adventure,Xbox One,40
178126,Adventure,Nintendo Switch,40
178126,Adventure,PlayStation 5,40
178126,Adventure,Xbox Series X|S,40
207393,Simulator,PC (Microsoft Windows),80
207393,Simulator,PlayStation 4,80
207393,Simulator,Xbox One,80
207393,Simulator,Nintendo Switch,80
207393,Simulator,PlayStation 5,80
207393,Simulator,Xbox Series X|S,80
207393,Sport,PC (Microsoft Windows),80
207393,Sport,PlayStation 4,80
207393,Sport,Xbox One,80
207393,Sport,Nintendo Switch,80
207393,Sport,PlayStation 5,80
207393,Sport,Xbox Series X|S,80
133807,Racing,PC (Microsoft Windows),70
133807,Racing,PlayStation 4,70
133807,Racing,Xbox One,70
133807,Racing,PlayStation 5,70
133807,Racing,Xbox Series X|S,70
133807,Racing,Google Stadia,70
133807,Sport,PC (Microsoft Windows),70
133807,Sport,PlayStation 4,70
133807,Sport,Xbox One,70
133807,Sport,PlayStation 5,70
133807,Sport,Xbox Series X|S,70
133807,Sport,Google Stadia,70
133807,Arcade,PC (Microsoft Windows),70
133807,Arcade,PlayStation 4,70
133807,Arcade,Xbox One,70
133807,Arcade,PlayStation 5,70
133807,Arcade,Xbox Series X|S,70
133807,Arcade,Google Stadia,70
224705,Strategy,PC (Microsoft Windows),65
224705,Adventure,PC (Microsoft Windows),65
224705,Indie,PC (Microsoft Windows),65
16464,Shooter,PC (Microsoft Windows),80
138884,Racing,PC (Microsoft Windows),80
138884,Racing,PlayStation 4,80
138884,Racing,Xbox One,80
138884,Racing,Nintendo Switch,80
138884,Racing,PlayStation 5,80
138884,Racing,Xbox Series X|S,80
138884,Indie,PC (Microsoft Windows),80
138884,Indie,PlayStation 4,80
138884,Indie,Xbox One,80
138884,Indie,Nintendo Switch,80
138884,Indie,PlayStation 5,80
138884,Indie,Xbox Series X|S,80
138884,Arcade,PC (Microsoft Windows),80
138884,Arcade,PlayStation 4,80
138884,Arcade,Xbox One,80
138884,Arcade,Nintendo Switch,80
138884,Arcade,PlayStation 5,80
138884,Arcade,Xbox Series X|S,80
72373,Platform,Linux,84
72373,Platform,PC (Microsoft Windows),84
72373,Platform,Mac,84
72373,Platform,Android,84
72373,Platform,iOS,84
72373,Simulator,Linux,84
72373,Simulator,PC (Microsoft Windows),84
72373,Simulator,Mac,84
72373,Simulator,Android,84
72373,Simulator,iOS,84
72373,Adventure,Linux,84
72373,Adventure,PC (Microsoft Windows),84
72373,Adventure,Mac,84
72373,Adventure,Android,84
72373,Adventure,iOS,84
72373,Indie,Linux,84
72373,Indie,PC (Microsoft Windows),84
72373,Indie,Mac,84
72373,Indie,Android,84
72373,Indie,iOS,84
123192,Shooter,PC (Microsoft Windows),82
123192,Shooter,PlayStation 5,82
123192,Shooter,Xbox Series X|S,82
123192,Tactical,PC (Microsoft Windows),82
123192,Tactical,PlayStation 5,82
123192,Tactical,Xbox Series X|S,82
123192,Indie,PC (Microsoft Windows),82
123192,Indie,PlayStation 5,82
123192,Indie,Xbox Series X|S,82
28489,Shooter,PC (Microsoft Windows),81
28489,Simulator,PC (Microsoft Windows),81
28489,Tactical,PC (Microsoft Windows),81
28489,Indie,PC (Microsoft Windows),81
176677,Role-playing (RPG),PC (Microsoft Windows),0
176677,Strategy,PC (Microsoft Windows),0
176677,Adventure,PC (Microsoft Windows),0
135243,Platform,PC (Microsoft Windows),90
135243,Platform,PlayStation 4,90
135243,Platform,Xbox One,90
135243,Platform,Nintendo Switch,90
135243,Platform,PlayStation 5,90
135243,Platform,Xbox Series X|S,90
135243,Puzzle,PC (Microsoft Windows),90
135243,Puzzle,PlayStation 4,90
135243,Puzzle,Xbox One,90
135243,Puzzle,Nintendo Switch,90
135243,Puzzle,PlayStation 5,90
135243,Puzzle,Xbox Series X|S,90
135243,Adventure,PC (Microsoft Windows),90
135243,Adventure,PlayStation 4,90
135243,Adventure,Xbox One,90
135243,Adventure,Nintendo Switch,90
135243,Adventure,PlayStation 5,90
135243,Adventure,Xbox Series X|S,90
25657,Shooter,PC (Microsoft Windows),78
25657,Shooter,PlayStation 4,78
25657,Shooter,Xbox One,78
25657,Shooter,PlayStation 5,78
25657,Shooter,Xbox Series X|S,78
25657,Shooter,Google Stadia,78
25657,Role-playing (RPG),PC (Microsoft Windows),78
25657,Role-playing (RPG),PlayStation 4,78
25657,Role-playing (RPG),Xbox One,78
25657,Role-playing (RPG),PlayStation 5,78
25657,Role-playing (RPG),Xbox Series X|S,78
25657,Role-playing (RPG),Google Stadia,78
25657,Adventure,PC (Microsoft Windows),78
25657,Adventure,PlayStation 4,78
25657,Adventure,Xbox One,78
25657,Adventure,PlayStation 5,78
25657,Adventure,Xbox Series X|S,78
25657,Adventure,Google Stadia,78
119277,Role-playing (RPG),PC (Microsoft Windows),82
119277,Role-playing (RPG),Android,82
119277,Role-playing (RPG),iOS,82
119277,Role-playing (RPG),PlayStation 4,82
119277,Role-playing (RPG),PlayStation 5,82
119277,Adventure,PC (Microsoft Windows),82
119277,Adventure,Android,82
119277,Adventure,iOS,82
119277,Adventure,PlayStation 4,82
119277,Adventure,PlayStation 5,82
26764,Racing,Nintendo Switch,88
26764,Arcade,Nintendo Switch,88
2181,Simulator,Wii,75
2181,Sport,Wii,75
220952,Sport,Xbox 360,0
216178,Simulator,PC (Microsoft Windows),69
216178,Simulator,Mac,69
216178,Simulator,Android,69
216178,Simulator,iOS,69
216178,Simulator,Xbox One,69
216178,Simulator,Nintendo Switch,69
216178,Simulator,PlayStation 5,69
216178,Simulator,Xbox Series X|S,69
216178,Sport,PC (Microsoft Windows),69
216178,Sport,Mac,69
216178,Sport,Android,69
216178,Sport,iOS,69
216178,Sport,Xbox One,69
216178,Sport,Nintendo Switch,69
216178,Sport,PlayStation 5,69
216178,Sport,Xbox Series X|S,69
105254,Card & Board Game,Web browser,0
1081,Role-playing (RPG),PC (Microsoft Windows),71
1081,Role-playing (RPG),Mac,71
1081,Role-playing (RPG),PlayStation 4,71
1081,Role-playing (RPG),Xbox One,71
1081,Role-playing (RPG),PlayStation 5,71
1081,Role-playing (RPG),Xbox Series X|S,71
1081,Role-playing (RPG),Google Stadia,71
1081,Adventure,PC (Microsoft Windows),71
1081,Adventure,Mac,71
1081,Adventure,PlayStation 4,71
1081,Adventure,Xbox One,71
1081,Adventure,PlayStation 5,71
1081,Adventure,Xbox Series X|S,71
1081,Adventure,Google Stadia,71
141523,Simulator,PC (Microsoft Windows),50
141523,Simulator,Android,50
141523,Simulator,iOS,50
141523,Simulator,PlayStation 4,50
141523,Simulator,Xbox One,50
141523,Simulator,Nintendo Switch,50
141523,Simulator,Xbox Series X|S,50
141523,Card & Board Game,PC (Microsoft Windows),50
141523,Card & Board Game,Android,50
141523,Card & Board Game,iOS,50
141523,Card & Board Game,PlayStation 4,50
141523,Card & Board Game,Xbox One,50
141523,Card & Board Game,Nintendo Switch,50
141523,Card & Board Game,Xbox Series X|S,50
90101,Fighting,Nintendo Switch,87
90101,Platform,Nintendo Switch,87
9804,Platform,PC (Microsoft Windows),63
9804,Role-playing (RPG),PC (Microsoft Windows),63
9804,Adventure,PC (Microsoft Windows),63
159029,Shooter,PC (Microsoft Windows),0
159029,Shooter,PlayStation 4,0
159029,Shooter,Xbox One,0
159029,Shooter,PlayStation 5,0
159029,Shooter,Xbox Series X|S,0
5139,Shooter,Wii,76
5139,Shooter,PC (Microsoft Windows),76
5139,Shooter,PlayStation 2,76
5139,Shooter,Xbox,76
5139,Adventure,Wii,76
5139,Adventure,PC (Microsoft Windows),76
5139,Adventure,PlayStation 2,76
5139,Adventure,Xbox,76
164243,Puzzle,PC (Microsoft Windows),75
164243,Puzzle,PlayStation 4,75
164243,Puzzle,Xbox One,75
164243,Puzzle,Nintendo Switch,75
164243,Puzzle,PlayStation 5,75
164243,Puzzle,Xbox Series X|S,75
164243,Simulator,PC (Microsoft Windows),75
164243,Simulator,PlayStation 4,75
164243,Simulator,Xbox One,75
164243,Simulator,Nintendo Switch,75
164243,Simulator,PlayStation 5,75
164243,Simulator,Xbox Series X|S,75
164243,Adventure,PC (Microsoft Windows),75
164243,Adventure,PlayStation 4,75
164243,Adventure,Xbox One,75
164243,Adventure,Nintendo Switch,75
164243,Adventure,PlayStation 5,75
164243,Adventure,Xbox Series X|S,75
164243,Indie,PC (Microsoft Windows),75
164243,Indie,PlayStation 4,75
164243,Indie,Xbox One,75
164243,Indie,Nintendo Switch,75
164243,Indie,PlayStation 5,75
164243,Indie,Xbox Series X|S,75
217256,Role-playing (RPG),PC (Microsoft Windows),76
217256,Role-playing (RPG),Mac,76
217256,Role-playing (RPG),Android,76
217256,Role-playing (RPG),iOS,76
217256,Role-playing (RPG),PlayStation 4,76
217256,Role-playing (RPG),Xbox One,76
217256,Role-playing (RPG),Nintendo Switch,76
217256,Role-playing (RPG),PlayStation 5,76
217256,Role-playing (RPG),Xbox Series X|S,76
217256,Simulator,PC (Microsoft Windows),76
217256,Simulator,Mac,76
217256,Simulator,Android,76
217256,Simulator,iOS,76
217256,Simulator,PlayStation 4,76
217256,Simulator,Xbox One,76
217256,Simulator,Nintendo Switch,76
217256,Simulator,PlayStation 5,76
217256,Simulator,Xbox Series X|S,76
217256,Adventure,PC (Microsoft Windows),76
217256,Adventure,Mac,76
217256,Adventure,Android,76
217256,Adventure,iOS,76
217256,Adventure,PlayStation 4,76
217256,Adventure,Xbox One,76
217256,Adventure,Nintendo Switch,76
217256,Adventure,PlayStation 5,76
217256,Adventure,Xbox Series X|S,76
207266,Fighting,PC (Microsoft Windows),0
207266,Shooter,PC (Microsoft Windows),0
207266,Role-playing (RPG),PC (Microsoft Windows),0
207266,Tactical,PC (Microsoft Windows),0
207266,Adventure,PC (Microsoft Windows),0
238347,Simulator,PC (Microsoft Windows),0
238347,Strategy,PC (Microsoft Windows),0
238347,Indie,PC (Microsoft Windows),0
1755,Role-playing (RPG),Game Boy Advance,83
1755,Role-playing (RPG),Wii U,83
1755,Turn-based strategy (TBS),Game Boy Advance,83
1755,Turn-based strategy (TBS),Wii U,83
1755,Adventure,Game Boy Advance,83
1755,Adventure,Wii U,83
19696,Strategy,Linux,76
19696,Strategy,PC (Microsoft Windows),76
19696,Strategy,Mac,76
19696,Strategy,PlayStation 4,76
19696,Strategy,Xbox One,76
19696,Strategy,Nintendo Switch,76
19696,Turn-based strategy (TBS),Linux,76
19696,Turn-based strategy (TBS),PC (Microsoft Windows),76
19696,Turn-based strategy (TBS),Mac,76
19696,Turn-based strategy (TBS),PlayStation 4,76
19696,Turn-based strategy (TBS),Xbox One,76
19696,Turn-based strategy (TBS),Nintendo Switch,76
27134,Shooter,PC (Microsoft Windows),82
27134,Shooter,PlayStation 4,82
27134,Shooter,Xbox One,82
27134,Shooter,PlayStation 5,82
27134,Shooter,Xbox Series X|S,82
27134,Adventure,PC (Microsoft Windows),82
27134,Adventure,PlayStation 4,82
27134,Adventure,Xbox One,82
27134,Adventure,PlayStation 5,82
27134,Adventure,Xbox Series X|S,82
27134,Indie,PC (Microsoft Windows),82
27134,Indie,PlayStation 4,82
27134,Indie,Xbox One,82
27134,Indie,PlayStation 5,82
27134,Indie,Xbox Series X|S,82
19560,Role-playing (RPG),PC (Microsoft Windows),95
19560,Role-playing (RPG),PlayStation 4,95
19560,Hack and slash/Beat 'em up,PC (Microsoft Windows),95
19560,Hack and slash/Beat 'em up,PlayStation 4,95
19560,Adventure,PC (Microsoft Windows),95
19560,Adventure,PlayStation 4,95
152257,Role-playing (RPG),PC (Microsoft Windows),83
152257,Strategy,PC (Microsoft Windows),83
152257,Turn-based strategy (TBS),PC (Microsoft Windows),83
152257,Tactical,PC (Microsoft Windows),83
152257,Adventure,PC (Microsoft Windows),83
152257,Indie,PC (Microsoft Windows),83
244116,Simulator,PC (Microsoft Windows),0
244116,Adventure,PC (Microsoft Windows),0
244116,Indie,PC (Microsoft Windows),0
27744,Simulator,PC (Microsoft Windows),65
27744,Simulator,Mac,65
27744,Simulator,PlayStation 4,65
27744,Simulator,Xbox One,65
27744,Simulator,Nintendo Switch,65
27744,Indie,PC (Microsoft Windows),65
27744,Indie,Mac,65
27744,Indie,PlayStation 4,65
27744,Indie,Xbox One,65
27744,Indie,Nintendo Switch,65
137001,Shooter,PC (Microsoft Windows),74
137001,Shooter,PlayStation 4,74
137001,Shooter,Xbox One,74
137001,Shooter,PlayStation 5,74
137001,Shooter,Xbox Series X|S,74
139684,Fighting,PC (Microsoft Windows),84
139684,Fighting,PlayStation 4,84
139684,Fighting,Xbox One,84
139684,Fighting,Nintendo Switch,84
139684,Fighting,PlayStation 5,84
139684,Fighting,Xbox Series X|S,84
139684,Hack and slash/Beat 'em up,PC (Microsoft Windows),84
139684,Hack and slash/Beat 'em up,PlayStation 4,84
139684,Hack and slash/Beat 'em up,Xbox One,84
139684,Hack and slash/Beat 'em up,Nintendo Switch,84
139684,Hack and slash/Beat 'em up,PlayStation 5,84
139684,Hack and slash/Beat 'em up,Xbox Series X|S,84
139684,Indie,PC (Microsoft Windows),84
139684,Indie,PlayStation 4,84
139684,Indie,Xbox One,84
139684,Indie,Nintendo Switch,84
139684,Indie,PlayStation 5,84
139684,Indie,Xbox Series X|S,84
104967,Role-playing (RPG),Linux,88
104967,Role-playing (RPG),PC (Microsoft Windows),88
104967,Role-playing (RPG),Xbox One,88
104967,Role-playing (RPG),Xbox Series X|S,88
104967,Adventure,Linux,88
104967,Adventure,PC (Microsoft Windows),88
104967,Adventure,Xbox One,88
104967,Adventure,Xbox Series X|S,88
104967,Indie,Linux,88
104967,Indie,PC (Microsoft Windows),88
104967,Indie,Xbox One,88
104967,Indie,Xbox Series X|S,88
204350,Shooter,PC (Microsoft Windows),89
204350,Shooter,PlayStation 5,89
204350,Adventure,PC (Microsoft Windows),89
204350,Adventure,PlayStation 5,89
239302,Role-playing (RPG),PC (Microsoft Windows),87
239302,Role-playing (RPG),PlayStation 4,87
239302,Role-playing (RPG),Xbox One,87
239302,Role-playing (RPG),Nintendo Switch,87
239302,Role-playing (RPG),PlayStation 5,87
239302,Role-playing (RPG),Xbox Series X|S,87
239302,Adventure,PC (Microsoft Windows),87
239302,Adventure,PlayStation 4,87
239302,Adventure,Xbox One,87
239302,Adventure,Nintendo Switch,87
239302,Adventure,PlayStation 5,87
239302,Adventure,Xbox Series X|S,87
239302,Indie,PC (Microsoft Windows),87
239302,Indie,PlayStation 4,87
239302,Indie,Xbox One,87
239302,Indie,Nintendo Switch,87
239302,Indie,PlayStation 5,87
239302,Indie,Xbox Series X|S,87
204621,Strategy,PC (Microsoft Windows),71
204621,Strategy,PlayStation 4,71
204621,Strategy,Xbox One,71
204621,Strategy,Nintendo Switch,71
204621,Strategy,PlayStation 5,71
204621,Strategy,Xbox Series X|S,71
204621,Arcade,PC (Microsoft Windows),71
204621,Arcade,PlayStation 4,71
204621,Arcade,Xbox One,71
204621,Arcade,Nintendo Switch,71
204621,Arcade,PlayStation 5,71
204621,Arcade,Xbox Series X|S,71
191402,Racing,PC (Microsoft Windows),66
191402,Racing,PlayStation 4,66
191402,Racing,Xbox One,66
191402,Racing,Nintendo Switch,66
191402,Racing,PlayStation 5,66
191402,Racing,Xbox Series X|S,66
191402,Sport,PC (Microsoft Windows),66
191402,Sport,PlayStation 4,66
191402,Sport,Xbox One,66
191402,Sport,Nintendo Switch,66
191402,Sport,PlayStation 5,66
191402,Sport,Xbox Series X|S,66
191402,Adventure,PC (Microsoft Windows),66
191402,Adventure,PlayStation 4,66
191402,Adventure,Xbox One,66
191402,Adventure,Nintendo Switch,66
191402,Adventure,PlayStation 5,66
191402,Adventure,Xbox Series X|S,66
191402,Arcade,PC (Microsoft Windows),66
191402,Arcade,PlayStation 4,66
191402,Arcade,Xbox One,66
191402,Arcade,Nintendo Switch,66
191402,Arcade,PlayStation 5,66
191402,Arcade,Xbox Series X|S,66
103295,Adventure,PC (Microsoft Windows),53
103295,Adventure,iOS,53
103295,Adventure,PlayStation 4,53
103295,Adventure,Xbox One,53
103295,Adventure,Nintendo Switch,53
103295,Adventure,Google Stadia,53
103295,Indie,PC (Microsoft Windows),53
103295,Indie,iOS,53
103295,Indie,PlayStation 4,53
103295,Indie,Xbox One,53
103295,Indie,Nintendo Switch,53
103295,Indie,Google Stadia,53
157499,Strategy,PC (Microsoft Windows),0
157499,Indie,PC (Microsoft Windows),0
112874,Role-playing (RPG),PlayStation 4,89
112874,Role-playing (RPG),PlayStation 5,89
112874,Adventure,PlayStation 4,89
112874,Adventure,PlayStation 5,89
146957,Fighting,PC (Microsoft Windows),0
146957,Fighting,PlayStation 4,0
146957,Fighting,Xbox One,0
146957,Fighting,PlayStation 5,0
146957,Fighting,Xbox Series X|S,0
146957,Simulator,PC (Microsoft Windows),0
146957,Simulator,PlayStation 4,0
146957,Simulator,Xbox One,0
146957,Simulator,PlayStation 5,0
146957,Simulator,Xbox Series X|S,0
146957,Sport,PC (Microsoft Windows),0
146957,Sport,PlayStation 4,0
146957,Sport,Xbox One,0
146957,Sport,PlayStation 5,0
146957,Sport,Xbox Series X|S,0
146957,Indie,PC (Microsoft Windows),0
146957,Indie,PlayStation 4,0
146957,Indie,Xbox One,0
146957,Indie,PlayStation 5,0
146957,Indie,Xbox Series X|S,0
7329,Shooter,PC (Microsoft Windows),69
7329,Shooter,PlayStation 4,69
7329,Shooter,Xbox One,69
7329,Shooter,PlayStation 5,69
7329,Shooter,Xbox Series X|S,69
7329,Role-playing (RPG),PC (Microsoft Windows),69
7329,Role-playing (RPG),PlayStation 4,69
7329,Role-playing (RPG),Xbox One,69
7329,Role-playing (RPG),PlayStation 5,69
7329,Role-playing (RPG),Xbox Series X|S,69
7329,Hack and slash/Beat 'em up,PC (Microsoft Windows),69
7329,Hack and slash/Beat 'em up,PlayStation 4,69
7329,Hack and slash/Beat 'em up,Xbox One,69
7329,Hack and slash/Beat 'em up,PlayStation 5,69
7329,Hack and slash/Beat 'em up,Xbox Series X|S,69
7329,Adventure,PC (Microsoft Windows),69
7329,Adventure,PlayStation 4,69
7329,Adventure,Xbox One,69
7329,Adventure,PlayStation 5,69
7329,Adventure,Xbox Series X|S,69
227087,,,0
125165,Role-playing (RPG),PC (Microsoft Windows),0
125165,Role-playing (RPG),PlayStation 4,0
125165,Role-playing (RPG),Xbox One,0
125165,Role-playing (RPG),PlayStation 5,0
125165,Role-playing (RPG),Xbox Series X|S,0
125165,Hack and slash/Beat 'em up,PC (Microsoft Windows),0
125165,Hack and slash/Beat 'em up,PlayStation 4,0
125165,Hack and slash/Beat 'em up,Xbox One,0
125165,Hack and slash/Beat 'em up,PlayStation 5,0
125165,Hack and slash/Beat 'em up,Xbox Series X|S,0
191692,Fighting,PC (Microsoft Windows),0
191692,Fighting,PlayStation 4,0
191692,Fighting,Xbox One,0
191692,Fighting,PlayStation 5,0
191692,Fighting,Xbox Series X|S,0
191692,Arcade,PC (Microsoft Windows),0
191692,Arcade,PlayStation 4,0
191692,Arcade,Xbox One,0
191692,Arcade,PlayStation 5,0
191692,Arcade,Xbox Series X|S,0
198200,Racing,PC (Microsoft Windows),76
198200,Racing,PlayStation 4,76
198200,Racing,Xbox One,76
198200,Racing,PlayStation 5,76
198200,Racing,Xbox Series X|S,76
198200,Simulator,PC (Microsoft Windows),76
198200,Simulator,PlayStation 4,76
198200,Simulator,Xbox One,76
198200,Simulator,PlayStation 5,76
198200,Simulator,Xbox Series X|S,76
198200,Sport,PC (Microsoft Windows),76
198200,Sport,PlayStation 4,76
198200,Sport,Xbox One,76
198200,Sport,PlayStation 5,76
198200,Sport,Xbox Series X|S,76
2903,Shooter,PC (Microsoft Windows),75
2903,Shooter,PlayStation 4,75
2903,Shooter,Xbox One,75
2903,Shooter,Nintendo Switch,75
2903,Shooter,PlayStation 5,75
2903,Shooter,Xbox Series X|S,75
2903,Role-playing (RPG),PC (Microsoft Windows),75
2903,Role-playing (RPG),PlayStation 4,75
2903,Role-playing (RPG),Xbox One,75
2903,Role-playing (RPG),Nintendo Switch,75
2903,Role-playing (RPG),PlayStation 5,75
2903,Role-playing (RPG),Xbox Series X|S,75
2903,Adventure,PC (Microsoft Windows),75
2903,Adventure,PlayStation 4,75
2903,Adventure,Xbox One,75
2903,Adventure,Nintendo Switch,75
2903,Adventure,PlayStation 5,75
2903,Adventure,Xbox Series X|S,75
197202,Adventure,PC (Microsoft Windows),0
197202,Indie,PC (Microsoft Windows),0
148161,Tactical,PC (Microsoft Windows),0
148161,Tactical,Mac,0
148161,Indie,PC (Microsoft Windows),0
148161,Indie,Mac,0
148161,Arcade,PC (Microsoft Windows),0
148161,Arcade,Mac,0
187105,Sport,PlayStation 4,0
187105,Sport,Nintendo Switch,0
3278,Simulator,Linux,79
3278,Simulator,PC (Microsoft Windows),79
3278,Simulator,Mac,79
3278,Indie,Linux,79
3278,Indie,PC (Microsoft Windows),79
3278,Indie,Mac,79
139708,Indie,PC (Microsoft Windows),77
139708,Indie,Mac,77
32478,Puzzle,PC (Microsoft Windows),62
32478,Puzzle,Mac,62
32478,Simulator,PC (Microsoft Windows),62
32478,Simulator,Mac,62
32478,Indie,PC (Microsoft Windows),62
32478,Indie,Mac,62
71001,Point-and-click,PC (Microsoft Windows),0
71001,Adventure,PC (Microsoft Windows),0
129109,Simulator,PC (Microsoft Windows),72
129109,Indie,PC (Microsoft Windows),72
132516,Puzzle,PC (Microsoft Windows),74
132516,Puzzle,Windows Mixed Reality,74
132516,Puzzle,SteamVR,74
132516,Puzzle,Oculus Rift,74
132516,Tactical,PC (Microsoft Windows),74
132516,Tactical,Windows Mixed Reality,74
132516,Tactical,SteamVR,74
132516,Tactical,Oculus Rift,74
132516,Indie,PC (Microsoft Windows),74
132516,Indie,Windows Mixed Reality,74
132516,Indie,SteamVR,74
132516,Indie,Oculus Rift,74
194205,Shooter,PC (Microsoft Windows),0
194205,Shooter,PlayStation 4,0
194205,Shooter,Xbox One,0
194205,Shooter,PlayStation 5,0
194205,Shooter,Xbox Series X|S,0
122589,Simulator,PC (Microsoft Windows),60
122589,Adventure,PC (Microsoft Windows),60
122589,Indie,PC (Microsoft Windows),60
27082,Simulator,PC (Microsoft Windows),77
27082,Adventure,PC (Microsoft Windows),77
27082,Indie,PC (Microsoft Windows),77
119273,Role-playing (RPG),PC (Microsoft Windows),80
119273,Adventure,PC (Microsoft Windows),80
119273,Indie,PC (Microsoft Windows),80
202601,Indie,PC (Microsoft Windows),0
178282,Role-playing (RPG),PC (Microsoft Windows),90
178282,Role-playing (RPG),Android,90
178282,Role-playing (RPG),iOS,90
178282,Turn-based strategy (TBS),PC (Microsoft Windows),90
178282,Turn-based strategy (TBS),Android,90
178282,Turn-based strategy (TBS),iOS,90
178282,Adventure,PC (Microsoft Windows),90
178282,Adventure,Android,90
178282,Adventure,iOS,90
124,Shooter,Linux,85
124,Shooter,PC (Microsoft Windows),85
124,Shooter,Xbox 360,85
124,Shooter,Mac,85
243,Quiz/Trivia,Wii,69
243,Quiz/Trivia,PC (Microsoft Windows),69
243,Quiz/Trivia,PlayStation,69
243,Quiz/Trivia,Dreamcast,69
243,Quiz/Trivia,Game Boy Advance,69
243,Quiz/Trivia,iOS,69
105322,Indie,PC (Microsoft Windows),69
105322,Arcade,PC (Microsoft Windows),69
105322,Card & Board Game,PC (Microsoft Windows),69
117199,Shooter,PC (Microsoft Windows),68
117199,Shooter,Android,68
117199,Shooter,iOS,68
117199,Role-playing (RPG),PC (Microsoft Windows),68
117199,Role-playing (RPG),Android,68
117199,Role-playing (RPG),iOS,68
67381,Strategy,PlayStation Portable,0
201156,Adventure,PC (Microsoft Windows),88
201156,Adventure,PlayStation 5,88
201156,Adventure,Xbox Series X|S,88
230769,Simulator,PC (Microsoft Windows),0
230769,Adventure,PC (Microsoft Windows),0
230769,Indie,PC (Microsoft Windows),0
143776,Simulator,PC (Microsoft Windows),0
143776,Indie,PC (Microsoft Windows),0
11133,Role-playing (RPG),PC (Microsoft Windows),87
11133,Role-playing (RPG),PlayStation 4,87
11133,Role-playing (RPG),Xbox One,87
11133,Adventure,PC (Microsoft Windows),87
11133,Adventure,PlayStation 4,87
11133,Adventure,Xbox One,87
212878,Strategy,PC (Microsoft Windows),0
212878,Strategy,Android,0
212878,Strategy,iOS,0
212878,Strategy,Xbox One,0
212878,Strategy,Nintendo Switch,0
212878,Strategy,Xbox Series X|S,0
212878,Tactical,PC (Microsoft Windows),0
212878,Tactical,Android,0
212878,Tactical,iOS,0
212878,Tactical,Xbox One,0
212878,Tactical,Nintendo Switch,0
212878,Tactical,Xbox Series X|S,0
212878,Arcade,PC (Microsoft Windows),0
212878,Arcade,Android,0
212878,Arcade,iOS,0
212878,Arcade,Xbox One,0
212878,Arcade,Nintendo Switch,0
212878,Arcade,Xbox Series X|S,0
213858,Simulator,PC (Microsoft Windows),0
213858,Indie,PC (Microsoft Windows),0
144419,Shooter,PC (Microsoft Windows),30
144419,Shooter,PlayStation 4,30
144419,Shooter,Xbox One,30
144419,Shooter,Nintendo Switch,30
144419,Shooter,PlayStation 5,30
144419,Puzzle,PC (Microsoft Windows),30
144419,Puzzle,PlayStation 4,30
144419,Puzzle,Xbox One,30
144419,Puzzle,Nintendo Switch,30
144419,Puzzle,PlayStation 5,30
144419,Adventure,PC (Microsoft Windows),30
144419,Adventure,PlayStation 4,30
144419,Adventure,Xbox One,30
144419,Adventure,Nintendo Switch,30
144419,Adventure,PlayStation 5,30
144419,Indie,PC (Microsoft Windows),30
144419,Indie,PlayStation 4,30
144419,Indie,Xbox One,30
144419,Indie,Nintendo Switch,30
144419,Indie,PlayStation 5,30
1185,Platform,PlayStation,78
1185,Platform,PlayStation 3,78
1185,Platform,PlayStation Portable,78
1185,Platform,PlayStation Vita,78
2349,Racing,Nintendo 3DS,83
21898,Shooter,Nintendo DS,75
21898,Adventure,Nintendo DS,75
6512,Simulator,Game Boy Advance,0
195656,Adventure,PC (Microsoft Windows),0
195656,Indie,PC (Microsoft Windows),0
55945,Shooter,Android,39
55945,Shooter,iOS,39
55945,Strategy,Android,39
55945,Strategy,iOS,39
55945,MOBA,Android,39
55945,MOBA,iOS,39
424,Puzzle,PC (Microsoft Windows),78
424,Puzzle,PlayStation,78
424,Puzzle,Sega Saturn,78
424,Adventure,PC (Microsoft Windows),78
424,Adventure,PlayStation,78
424,Adventure,Sega Saturn,78
150010,Platform,PC (Microsoft Windows),71
150010,Platform,PlayStation 4,71
150010,Platform,Xbox One,71
150010,Platform,Nintendo Switch,71
150010,Platform,PlayStation 5,71
150010,Platform,Xbox Series X|S,71
150010,Adventure,PC (Microsoft Windows),71
150010,Adventure,PlayStation 4,71
150010,Adventure,Xbox One,71
150010,Adventure,Nintendo Switch,71
150010,Adventure,PlayStation 5,71
150010,Adventure,Xbox Series X|S,71
191442,Quiz/Trivia,Android,0
191442,Quiz/Trivia,iOS,0
191442,Quiz/Trivia,Web browser,0
75235,Role-playing (RPG),PlayStation 4,91
75235,Hack and slash/Beat 'em up,PlayStation 4,91
75235,Adventure,PlayStation 4,91
195146,Point-and-click,PC (Microsoft Windows),0
195146,Simulator,PC (Microsoft Windows),0
152124,Platform,PC (Microsoft Windows),68
152124,Platform,PlayStation 4,68
152124,Platform,Xbox One,68
152124,Platform,Nintendo Switch,68
152124,Platform,PlayStation 5,68
152124,Platform,Xbox Series X|S,68
152124,Puzzle,PC (Microsoft Windows),68
152124,Puzzle,PlayStation 4,68
152124,Puzzle,Xbox One,68
152124,Puzzle,Nintendo Switch,68
152124,Puzzle,PlayStation 5,68
152124,Puzzle,Xbox Series X|S,68
152124,Adventure,PC (Microsoft Windows),68
152124,Adventure,PlayStation 4,68
152124,Adventure,Xbox One,68
152124,Adventure,Nintendo Switch,68
152124,Adventure,PlayStation 5,68
152124,Adventure,Xbox Series X|S,68
152124,Indie,PC (Microsoft Windows),68
152124,Indie,PlayStation 4,68
152124,Indie,Xbox One,68
152124,Indie,Nintendo Switch,68
152124,Indie,PlayStation 5,68
152124,Indie,Xbox Series X|S,68
187715,Adventure,PC (Microsoft Windows),71
187715,Indie,PC (Microsoft Windows),71
138950,Role-playing (RPG),PC (Microsoft Windows),85
138950,Role-playing (RPG),PlayStation 4,85
138950,Role-playing (RPG),Xbox One,85
138950,Role-playing (RPG),Nintendo Switch,85
138950,Role-playing (RPG),PlayStation 5,85
138950,Role-playing (RPG),Xbox Series X|S,85
138950,Hack and slash/Beat 'em up,PC (Microsoft Windows),85
138950,Hack and slash/Beat 'em up,PlayStation 4,85
138950,Hack and slash/Beat 'em up,Xbox One,85
138950,Hack and slash/Beat 'em up,Nintendo Switch,85
138950,Hack and slash/Beat 'em up,PlayStation 5,85
138950,Hack and slash/Beat 'em up,Xbox Series X|S,85
138950,Adventure,PC (Microsoft Windows),85
138950,Adventure,PlayStation 4,85
138950,Adventure,Xbox One,85
138950,Adventure,Nintendo Switch,85
138950,Adventure,PlayStation 5,85
138950,Adventure,Xbox Series X|S,85
210722,Quiz/Trivia,Game Boy Advance,0
152247,Shooter,PC (Microsoft Windows),67
152247,Shooter,Xbox Series X|S,67
152247,Role-playing (RPG),PC (Microsoft Windows),67
152247,Role-playing (RPG),Xbox Series X|S,67
152247,Adventure,PC (Microsoft Windows),67
152247,Adventure,Xbox Series X|S,67
194702,Role-playing (RPG),PC (Microsoft Windows),0
194702,Role-playing (RPG),Android,0
194702,Role-playing (RPG),iOS,0
194702,Adventure,PC (Microsoft Windows),0
194702,Adventure,Android,0
194702,Adventure,iOS,0
157445,Simulator,,0
157445,Indie,,0
81358,Puzzle,Wii,0
81358,Puzzle,PlayStation 3,0
81358,Puzzle,Android,0
81358,Puzzle,PlayStation Portable,0
81358,Puzzle,iOS,0
81358,Puzzle,Legacy Mobile Device,0
81358,Puzzle,BlackBerry OS,0
81358,Puzzle,Windows Phone,0
81358,Puzzle,Nintendo DSi,0
81358,Strategy,Wii,0
81358,Strategy,PlayStation 3,0
81358,Strategy,Android,0
81358,Strategy,PlayStation Portable,0
81358,Strategy,iOS,0
81358,Strategy,Legacy Mobile Device,0
81358,Strategy,BlackBerry OS,0
81358,Strategy,Windows Phone,0
81358,Strategy,Nintendo DSi,0
81358,Card & Board Game,Wii,0
81358,Card & Board Game,PlayStation 3,0
81358,Card & Board Game,Android,0
81358,Card & Board Game,PlayStation Portable,0
81358,Card & Board Game,iOS,0
81358,Card & Board Game,Legacy Mobile Device,0
81358,Card & Board Game,BlackBerry OS,0
81358,Card & Board Game,Windows Phone,0
81358,Card & Board Game,Nintendo DSi,0
76263,Shooter,PC (Microsoft Windows),0
76263,Simulator,PC (Microsoft Windows),0
76263,Indie,PC (Microsoft Windows),0
33615,Simulator,PC (Microsoft Windows),80
33615,Simulator,Oculus Quest,80
33615,Simulator,Meta Quest 2,80
33615,Adventure,PC (Microsoft Windows),80
33615,Adventure,Oculus Quest,80
33615,Adventure,Meta Quest 2,80
2289,Role-playing (RPG),Nintendo 64,73
2289,Turn-based strategy (TBS),Nintendo 64,73
